{"inOrb":false,"currentNPC":0,"isPaused":false,"isDaytime":false,"dayCounter":0,"playerLocation":{"x":-2.537658214569092,"y":0.5800049901008606,"z":-4.545498371124268},"playerInventory":[0,0,0,0,0,0]}