{"inOrb":false,"currentNPC":0,"isPaused":false,"isDaytime":false,"dayCounter":0,"playerLocation":{"x":-15.990382194519043,"y":0.5800049901008606,"z":-3.049940824508667},"playerInventory":[0,0,0,0,0,0]}