{"inOrb":false,"currentNPC":0,"isPaused":false,"isDaytime":false,"dayCounter":5,"playerLocation":{"x":-30.4600887298584,"y":0.5800049901008606,"z":-18.24279022216797},"playerInventory":[0,0,0,0,0,0]}