{"inOrb":false,"currentNPC":0,"isPaused":false,"isDaytime":true,"dayCounter":0,"playerLocation":{"x":15.470000267028809,"y":-0.419994980096817,"z":-45.849998474121097},"playerInventory":[0,0,0,0,0,0]}