{"inOrb":false,"currentNPC":0,"isPaused":false,"isDaytime":false,"dayCounter":0,"playerLocation":{"x":-3.842752456665039,"y":0.5800049901008606,"z":10.52918529510498},"playerInventory":[2,3,0,0,0,0]}