{"inOrb":false,"currentNPC":0,"isPaused":false,"isDaytime":false,"dayCounter":1,"playerLocation":{"x":-43.265995025634769,"y":0.5800049901008606,"z":-3.8437581062316896},"playerInventory":[0,0,0,0,0,0]}