{"inOrb":false,"currentNPC":0,"isPaused":false,"isDaytime":false,"dayCounter":0,"playerLocation":{"x":-5.223760695116653e-7,"y":0.5800049901008606,"z":-18.213455200195314},"playerInventory":[0,0,0,0,0,0]}