{"inOrb":false,"currentNPC":0,"isPaused":false,"isDaytime":true,"dayCounter":0,"playerLocation":{"x":13.450967788696289,"y":0.5800049901008606,"z":14.178442001342774},"playerInventory":[3,0,0,0,0,0]}