{"inOrb":true,"currentNPC":0,"isPaused":false,"isDaytime":false,"dayCounter":0,"playerLocation":{"x":10.463644027709961,"y":0.5800049901008606,"z":-12.499588966369629},"playerInventory":[3,0,0,0,0,0]}