{"inOrb":false,"currentNPC":0,"isPaused":false,"isDaytime":false,"dayCounter":0,"playerLocation":{"x":-12.691446304321289,"y":0.5800049901008606,"z":-8.133103370666504},"playerInventory":[0,0,0,0,0,0]}