{"inOrb":false,"currentNPC":0,"isPaused":false,"isDaytime":true,"dayCounter":2,"playerLocation":{"x":17.596294403076173,"y":0.5800049901008606,"z":-1.3550136089324952},"playerInventory":[0,0,0,0,0,0]}